Datetime,Ticker,Open,High,Low,Close,Adj Close,Volume,Return,MA_5,MA_20,Price_Change,High_Low_Spread,Price_Used,Ingestion_Timestamp_UTC
2026-10-02 09:30:00-04:00,AAPL,333.2049865722656,333.4200134277344,331.0,332.4150085449219,332.4150085449219,1806408,,,,,2.420013427734375,Adj Close,2026-10-02 14:04:39
2026-10-02 09:35:00-04:00,AAPL,332.3800048828125,333.0799865722656,332.05999755859375,332.1400146484375,332.1400146484375,449427,-0.0008272607716725,,,-0.274993896484375,1.019989013671875,Adj Close,2026-10-02 14:04:39
2026-10-02 09:40:00-04:00,AAPL,332.1449890136719,332.17999267578125,330.6099853515625,331.6400146484375,331.6400146484375,560128,-0.0015053892272788305,,,-0.5,1.57000732421875,Adj Close,2026-10-02 14:04:39
2026-10-02 09:45:00-04:00,AAPL,331.6549987792969,331.9150085449219,330.92999267578125,330.94000244140625,330.94000244140625,453972,-0.002110759184995592,,,-0.70001220703125,0.985015869140625,Adj Close,2026-10-02 14:04:39
2026-10-02 09:50:00-04:00,AAPL,330.94000244140625,331.95001220703125,330.8800048828125,331.2550048828125,331.2550048828125,418930,0.0009518415395008972,331.6780090332031,,0.31500244140625,1.07000732421875,Adj Close,2026-10-02 14:04:39
2026-10-02 09:55:00-04:00,AAPL,331.2799987792969,332.3999938964844,330.6700134277344,332.20001220703125,332.20001220703125,432492,0.0028528091962054525,331.635009765625,,0.94500732421875,1.72998046875,Adj Close,2026-10-02 14:04:39
2026-10-02 10:00:00-04:00,AAPL,332.2300109863281,332.92999267578125,332.010009765625,332.7149963378906,332.7149963378906,315516,0.0015502230943280626,331.7500061035156,,0.514984130859375,0.91998291015625,Adj Close,2026-10-02 14:04:39
2026-10-02 09:30:00-04:00,GOOGL,341.31500244140625,344.44000244140625,341.1600036621094,343.6650085449219,343.6650085449219,1960944,,,,,3.279998779296875,Adj Close,2026-10-02 14:04:40
2026-10-02 09:35:00-04:00,GOOGL,343.6600036621094,343.8324890136719,341.7799987792969,342.92999267578125,342.92999267578125,539778,-0.00213875678601283,,,-0.735015869140625,2.052490234375,Adj Close,2026-10-02 14:04:40
2026-10-02 09:40:00-04:00,GOOGL,343.0400085449219,344.42999267578125,342.4599914550781,344.125,344.125,482778,0.0034846976051714496,,,1.19500732421875,1.970001220703125,Adj Close,2026-10-02 14:04:40
2026-10-02 09:45:00-04:00,GOOGL,344.1549987792969,344.6700134277344,343.3399963378906,344.4700012207031,344.4700012207031,607669,0.0010025462279785735,,,0.345001220703125,1.33001708984375,Adj Close,2026-10-02 14:04:40
2026-10-02 09:50:00-04:00,GOOGL,344.45001220703125,344.7900085449219,343.0299987792969,343.30999755859375,343.30999755859375,318983,-0.0033675027085048326,343.7,,-1.160003662109375,1.760009765625,Adj Close,2026-10-02 14:04:40
2026-10-02 09:55:00-04:00,GOOGL,343.30999755859375,344.0379943847656,342.8699951171875,343.80499267578125,343.80499267578125,920483,0.0014418313498225643,343.7279968261719,,0.4949951171875,1.167999267578125,Adj Close,2026-10-02 14:04:40
2026-10-02 10:00:00-04:00,GOOGL,343.8399963378906,344.95001220703125,343.6300048828125,344.6000061035156,344.6000061035156,393369,0.002312396401072947,344.06199951171874,,0.795013427734375,1.32000732421875,Adj Close,2026-10-02 14:04:40
2026-10-02 09:30:00-04:00,MSFT,519.094970703125,522.5,518.8499755859375,521.8740234375,521.8740234375,1295917,,,,,3.6500244140625,Adj Close,2026-10-02 14:04:39
2026-10-02 09:35:00-04:00,MSFT,521.844970703125,522.4000244140625,517.0623779296875,517.2999877929688,517.2999877929688,347049,-0.008764635599991744,,,-4.57403564453125,5.337646484375,Adj Close,2026-10-02 14:04:39
2026-10-02 09:40:00-04:00,MSFT,517.3914184570312,517.6300048828125,515.9600219726562,517.1699829101562,517.1699829101562,221776,-0.00025131429708158404,,,-0.1300048828125,1.66998291015625,Adj Close,2026-10-02 14:04:39
2026-10-02 09:45:00-04:00,MSFT,517.0800170898438,517.8300170898438,515.4500122070312,516.14501953125,516.14501953125,281757,-0.001981869429348304,,,-1.02496337890625,2.3800048828125,Adj Close,2026-10-02 14:04:39
2026-10-02 09:50:00-04:00,MSFT,516.1400146484375,516.4849853515625,515.5,515.9400024414062,515.9400024414062,203598,-0.00039720830790912487,517.6858032226562,,-0.20501708984375,0.9849853515625,Adj Close,2026-10-02 14:04:39
2026-10-02 09:55:00-04:00,MSFT,515.9000244140625,517.5299072265625,515.8800048828125,517.489990234375,517.489990234375,245642,0.0030042016235110047,516.8089965820312,,1.54998779296875,1.64990234375,Adj Close,2026-10-02 14:04:39
2026-10-02 10:00:00-04:00,MSFT,517.3599853515625,518.573486328125,516.9346923828125,517.7949829101562,517.7949829101562,234484,0.0005893692274958617,516.9079956054687,,0.30499267578125,1.6387939453125,Adj Close,2026-10-02 14:04:39
2026-10-02 09:30:00-04:00,SPY,770.5800170898438,770.8400268554688,769.489990234375,770.7000122070312,770.7000122070312,3297046,,,,,1.35003662109375,Adj Close,2026-10-02 14:04:40
2026-10-02 09:35:00-04:00,SPY,770.6900024414062,771.1199951171875,770.4099731445312,770.7899780273438,770.7899780273438,856384,0.00011673260527778062,,,0.0899658203125,0.71002197265625,Adj Close,2026-10-02 14:04:40
2026-10-02 09:40:00-04:00,SPY,770.8099975585938,771.6500244140625,770.2520141601562,771.625,771.625,593922,0.0010833326800554488,,,0.83502197265625,1.39801025390625,Adj Close,2026-10-02 14:04:40
2026-10-02 09:45:00-04:00,SPY,771.6400146484375,772.0900268554688,771.1699829101562,771.3800048828125,771.3800048828125,693622,-0.0003175054167341429,,,-0.2449951171875,0.9200439453125,Adj Close,2026-10-02 14:04:40
2026-10-02 09:50:00-04:00,SPY,771.3800048828125,771.75,770.1599731445312,770.2100219726562,770.2100219726562,511070,-0.0015167400020097421,770.9410034179688,,-1.16998291015625,1.59002685546875,Adj Close,2026-10-02 14:04:40
2026-10-02 09:55:00-04:00,SPY,770.1900024414062,770.6500244140625,769.0700073242188,770.5499877929688,770.5499877929688,1098299,0.0004413936596692203,770.9109985351563,,0.3399658203125,1.58001708984375,Adj Close,2026-10-02 14:04:40
2026-10-02 10:00:00-04:00,SPY,770.5599975585938,771.7130126953125,769.8800048828125,771.4310913085938,771.4310913085938,448304,0.001143473531352246,771.0392211914062,,0.881103515625,1.8330078125,Adj Close,2026-10-02 14:04:40
