Datetime,Ticker,Open,High,Low,Close,Adj Close,Volume,Return,MA_5,MA_20,Price_Change,High_Low_Spread,Price_Used,Ingestion_Timestamp_UTC
2026-04-16 13:30:00+00:00,AAPL,266.79998779296875,267.1600036621094,263.7799987792969,264.1000061035156,264.1000061035156,3423848,,,,,3.3800048828125,Adj Close,2026-04-17 11:35:40
2026-04-16 13:35:00+00:00,AAPL,264.1099853515625,264.1300048828125,262.9700012207031,262.9700012207031,262.9700012207031,1178433,-0.0042787007069192695,,,-1.1300048828125,1.160003662109375,Adj Close,2026-04-17 11:35:40
2026-04-16 13:40:00+00:00,AAPL,263.0,263.1600036621094,262.2200012207031,262.968994140625,262.968994140625,1149150,-3.829638641095201e-06,,,-0.001007080078125,0.94000244140625,Adj Close,2026-04-17 11:35:40
2026-04-16 13:45:00+00:00,AAPL,262.94000244140625,262.989990234375,262.0199890136719,262.9700012207031,262.9700012207031,841307,3.829653307363401e-06,,,0.001007080078125,0.970001220703125,Adj Close,2026-04-17 11:35:40
2026-04-16 13:50:00+00:00,AAPL,262.9700012207031,263.0299987792969,262.45001220703125,262.6600036621094,262.6600036621094,719198,-0.0011788324035241216,263.13380126953126,,-0.30999755859375,0.579986572265625,Adj Close,2026-04-17 11:35:40
2026-04-16 13:55:00+00:00,AAPL,262.6099853515625,262.82000732421875,262.2900085449219,262.3399963378906,262.3399963378906,634651,-0.001218332900925434,262.78179931640625,,-0.32000732421875,0.529998779296875,Adj Close,2026-04-17 11:35:40
2026-04-16 14:00:00+00:00,AAPL,262.3550109863281,262.55010986328125,262.05999755859375,262.489990234375,262.489990234375,655559,0.0005717538254867982,262.6857971191406,,0.149993896484375,0.4901123046875,Adj Close,2026-04-17 11:35:40
2026-04-16 14:05:00+00:00,AAPL,262.4949951171875,262.57000732421875,261.30999755859375,262.0199890136719,262.0199890136719,999217,-0.0017905491187815148,262.49599609375,,-0.470001220703125,1.260009765625,Adj Close,2026-04-17 11:35:40
2026-04-16 14:10:00+00:00,AAPL,262.010009765625,262.6000061035156,261.9700012207031,262.3299865722656,262.3299865722656,633046,0.0011831065246612482,262.3679931640625,,0.30999755859375,0.6300048828125,Adj Close,2026-04-17 11:35:40
2026-04-16 14:15:00+00:00,AAPL,262.3399963378906,262.5899963378906,261.92999267578125,262.239990234375,262.239990234375,511928,-0.0003430653851912435,262.28399047851565,,-0.089996337890625,0.660003662109375,Adj Close,2026-04-17 11:35:40
2026-04-16 14:20:00+00:00,AAPL,262.239990234375,262.2900085449219,261.8599853515625,262.1400146484375,262.1400146484375,453517,-0.0003812369953497541,262.243994140625,,-0.0999755859375,0.430023193359375,Adj Close,2026-04-17 11:35:40
2026-04-16 14:25:00+00:00,AAPL,262.1449890136719,262.260009765625,261.864990234375,262.05999755859375,262.05999755859375,354489,-0.0003052456144517768,262.1579956054687,,-0.08001708984375,0.39501953125,Adj Close,2026-04-17 11:35:40
2026-04-16 14:30:00+00:00,AAPL,262.0899963378906,262.3402099609375,261.9700012207031,262.1700134277344,262.1700134277344,353972,0.00041981176129723963,262.18800048828126,,0.110015869140625,0.370208740234375,Adj Close,2026-04-17 11:35:40
2026-04-16 14:35:00+00:00,AAPL,262.17498779296875,262.2550048828125,261.9729919433594,262.07000732421875,262.07000732421875,325124,-0.00038145515655318984,262.13600463867186,,-0.100006103515625,0.282012939453125,Adj Close,2026-04-17 11:35:40
2026-04-16 14:40:00+00:00,AAPL,262.0899963378906,262.18719482421875,261.92010498046875,262.17010498046875,262.17010498046875,355095,0.00038195006468688675,262.1220275878906,,0.10009765625,0.26708984375,Adj Close,2026-04-17 11:35:40
2026-04-16 14:45:00+00:00,AAPL,262.19000244140625,262.19000244140625,261.6000061035156,261.760009765625,261.760009765625,412641,-0.0015642333242926743,262.0460266113281,,-0.41009521484375,0.589996337890625,Adj Close,2026-04-17 11:35:40
2026-04-16 14:50:00+00:00,AAPL,261.7650146484375,261.7799987792969,261.2699890136719,261.6700134277344,261.6700134277344,540294,-0.00034381240270886515,261.96802978515626,,-0.089996337890625,0.510009765625,Adj Close,2026-04-17 11:35:40
2026-04-16 14:55:00+00:00,AAPL,261.67999267578125,261.92999267578125,261.5,261.8699951171875,261.8699951171875,414279,0.000764251458672982,261.90802612304685,,0.199981689453125,0.42999267578125,Adj Close,2026-04-17 11:35:40
2026-04-16 15:00:00+00:00,AAPL,261.8500061035156,262.55999755859375,261.8500061035156,262.55999755859375,262.55999755859375,492637,0.0026349045490967615,262.0060241699219,,0.69000244140625,0.709991455078125,Adj Close,2026-04-17 11:35:40
2026-04-16 15:05:00+00:00,AAPL,262.55499267578125,262.6449890136719,262.3399963378906,262.6099853515625,262.6099853515625,457785,0.0001903861724312783,262.0940002441406,262.40845489501953,0.04998779296875,0.30499267578125,Adj Close,2026-04-17 11:35:40
2026-04-16 15:10:00+00:00,AAPL,262.6300048828125,262.7300109863281,262.4200134277344,262.4700012207031,262.4700012207031,353979,-0.0005330495360714727,262.2359985351562,262.3269546508789,-0.139984130859375,0.30999755859375,Adj Close,2026-04-17 11:35:40
2026-04-16 15:15:00+00:00,AAPL,262.4700012207031,262.70001220703125,262.3900146484375,262.3999938964844,262.3999938964844,308175,-0.00026672505007485636,262.3819946289062,262.29845428466797,-0.07000732421875,0.30999755859375,Adj Close,2026-04-17 11:35:40
2026-04-16 15:20:00+00:00,AAPL,262.4200134277344,262.635009765625,262.1300048828125,262.25201416015625,262.25201416015625,385204,-0.000563947179002211,262.4583984375,262.26260528564455,-0.147979736328125,0.5050048828125,Adj Close,2026-04-17 11:35:40
2026-04-16 15:25:00+00:00,AAPL,262.25,262.54998779296875,262.1700134277344,262.25,262.25,398769,-7.680246661645462e-06,262.3963989257812,262.2266052246094,-0.00201416015625,0.379974365234375,Adj Close,2026-04-17 11:35:40
2026-04-16 15:30:00+00:00,AAPL,262.25,262.6000061035156,262.19000244140625,262.5899963378906,262.5899963378906,280822,0.001296458867075856,262.39240112304685,262.2231048583984,0.339996337890625,0.410003662109375,Adj Close,2026-04-17 11:35:40
2026-04-16 15:35:00+00:00,AAPL,262.6050109863281,262.9599914550781,262.5799865722656,262.69000244140625,262.69000244140625,407251,0.00038084506230373627,262.4364013671875,262.24060516357423,0.100006103515625,0.3800048828125,Adj Close,2026-04-17 11:35:40
2026-04-16 15:40:00+00:00,AAPL,262.70001220703125,262.9798889160156,262.489990234375,262.9700012207031,262.9700012207031,359059,0.0010658905047569167,262.55040283203124,262.2646057128906,0.279998779296875,0.489898681640625,Adj Close,2026-04-17 11:35:40
2026-04-16 15:45:00+00:00,AAPL,262.9750061035156,263.20001220703125,262.9700012207031,263.20001220703125,263.20001220703125,335911,0.0008746662556962104,262.74000244140626,262.32360687255857,0.230010986328125,0.230010986328125,Adj Close,2026-04-17 11:35:40
2026-04-16 15:50:00+00:00,AAPL,263.19000244140625,263.4549865722656,263.1449890136719,263.29998779296875,263.29998779296875,352060,0.00037984643351340885,262.95,262.3721069335937,0.0999755859375,0.30999755859375,Adj Close,2026-04-17 11:35:40
2026-04-16 15:55:00+00:00,AAPL,263.2900085449219,263.6300048828125,263.2799987792969,263.5101013183594,263.5101013183594,457550,0.0007980005132237622,263.13402099609374,262.435612487793,0.210113525390625,0.350006103515625,Adj Close,2026-04-17 11:35:40
2026-04-16 16:00:00+00:00,AAPL,263.5249938964844,263.69000244140625,263.460205078125,263.68499755859375,263.68499755859375,309646,0.0006637174034671567,263.33302001953126,262.51286163330076,0.174896240234375,0.22979736328125,Adj Close,2026-04-17 11:35:40
2026-04-16 16:05:00+00:00,AAPL,263.6875,263.9549865722656,263.4599914550781,263.9549865722656,263.9549865722656,309790,0.0010239073749802596,263.53001708984374,262.60761108398435,0.269989013671875,0.4949951171875,Adj Close,2026-04-17 11:35:40
2026-04-16 16:10:00+00:00,AAPL,263.94500732421875,264.2300109863281,263.8879089355469,264.20001220703125,264.20001220703125,309599,0.0009282856821442032,263.7300170898437,262.70911102294923,0.245025634765625,0.34210205078125,Adj Close,2026-04-17 11:35:40
2026-04-16 16:15:00+00:00,AAPL,264.2300109863281,264.3898010253906,264.1499938964844,264.2300109863281,264.2300109863281,383581,0.00011354571502963928,263.9160217285156,262.8171112060547,0.029998779296875,0.23980712890625,Adj Close,2026-04-17 11:35:40
2026-04-16 16:20:00+00:00,AAPL,264.2300109863281,264.3500061035156,263.67999267578125,263.8299865722656,263.8299865722656,378461,-0.0015139249798661325,263.97999877929686,262.90010528564454,-0.4000244140625,0.670013427734375,Adj Close,2026-04-17 11:35:40
2026-04-16 16:25:00+00:00,AAPL,263.8399963378906,264.114990234375,263.760009765625,264.0801086425781,264.0801086425781,241707,0.0009480426147236987,264.05902099609375,263.0161102294922,0.2501220703125,0.35498046875,Adj Close,2026-04-17 11:35:40
2026-04-16 16:30:00+00:00,AAPL,264.0899963378906,264.125,263.3599853515625,263.7300109863281,263.7300109863281,403663,-0.0013257252053158197,264.01402587890624,263.1191101074219,-0.35009765625,0.7650146484375,Adj Close,2026-04-17 11:35:40
2026-04-16 16:35:00+00:00,AAPL,263.739990234375,264.0799865722656,263.7099914550781,264.04010009765625,264.04010009765625,210775,0.001175782422972782,263.98204345703124,263.2276153564453,0.310089111328125,0.3699951171875,Adj Close,2026-04-17 11:35:40
2026-04-16 16:40:00+00:00,AAPL,264.07000732421875,264.1686096191406,263.8700866699219,264.0,264.0,220634,-0.00015187124092674864,263.9360412597656,263.29961547851565,-0.04010009765625,0.29852294921875,Adj Close,2026-04-17 11:35:40
2026-04-16 16:45:00+00:00,AAPL,264.0150146484375,264.0899963378906,263.7900085449219,263.9599914550781,263.9599914550781,204290,-0.00015154751864343563,263.9620422363281,263.3671157836914,-0.040008544921875,0.29998779296875,Adj Close,2026-04-17 11:35:40
2026-04-16 16:50:00+00:00,AAPL,263.94000244140625,264.06500244140625,263.4700012207031,263.5201110839844,263.5201110839844,217326,-0.0016664660756688932,263.85004272460935,263.4196212768555,-0.43988037109375,0.595001220703125,Adj Close,2026-04-17 11:35:40
2026-04-16 16:55:00+00:00,AAPL,263.5299987792969,263.5849914550781,263.18499755859375,263.2049865722656,263.2049865722656,213464,-0.0011958271815478705,263.7450378417969,263.45987091064455,-0.31512451171875,0.399993896484375,Adj Close,2026-04-17 11:35:40
2026-04-16 17:00:00+00:00,AAPL,263.2099914550781,263.3699951171875,263.1449890136719,263.2900085449219,263.2900085449219,322480,0.0003230256909776408,263.59501953125,263.5117706298828,0.08502197265625,0.225006103515625,Adj Close,2026-04-17 11:35:40
2026-04-16 17:05:00+00:00,AAPL,263.2799987792969,263.45001220703125,263.0899963378906,263.4100036621094,263.4100036621094,176880,0.0004557526426871572,263.4770202636719,263.5697708129883,0.1199951171875,0.360015869140625,Adj Close,2026-04-17 11:35:40
2026-04-16 17:10:00+00:00,AAPL,263.4200134277344,263.6400146484375,263.3699951171875,263.3999938964844,263.3999938964844,191785,-3.80007041715924e-05,263.3650207519531,263.61027069091796,-0.010009765625,0.27001953125,Adj Close,2026-04-17 11:35:40
2026-04-16 17:15:00+00:00,AAPL,263.39080810546875,263.5199890136719,263.2301025390625,263.340087890625,263.340087890625,193171,-0.00022743358863908103,263.3290161132812,263.6427749633789,-0.059906005859375,0.289886474609375,Adj Close,2026-04-17 11:35:40
2026-04-16 17:20:00+00:00,AAPL,263.3500061035156,263.6600036621094,263.2001037597656,263.57000732421875,263.57000732421875,167081,0.0008730893782082916,263.4020202636719,263.6727752685547,0.22991943359375,0.45989990234375,Adj Close,2026-04-17 11:35:40
2026-04-16 17:25:00+00:00,AAPL,263.6099853515625,263.70001220703125,263.4200134277344,263.5199890136719,263.5199890136719,170753,-0.00018977239123174616,263.44801635742186,263.6887741088867,-0.050018310546875,0.279998779296875,Adj Close,2026-04-17 11:35:40
2026-04-16 17:30:00+00:00,AAPL,263.5299987792969,263.70001220703125,263.4800109863281,263.5249938964844,263.5249938964844,155165,1.8992421907837453e-05,263.47101440429685,263.7000244140625,0.0050048828125,0.220001220703125,Adj Close,2026-04-17 11:35:40
2026-04-16 17:35:00+00:00,AAPL,263.5299987792969,263.5299987792969,263.2900085449219,263.4200134277344,263.4200134277344,207968,-0.00039837006424991994,263.4750183105469,263.6955200195313,-0.10498046875,0.239990234375,Adj Close,2026-04-17 11:35:40
2026-04-16 17:40:00+00:00,AAPL,263.4100036621094,263.739990234375,263.3999938964844,263.635009765625,263.635009765625,162667,0.0008161731338973688,263.53400268554685,263.6930206298828,0.214996337890625,0.339996337890625,Adj Close,2026-04-17 11:35:40
2026-04-16 17:45:00+00:00,AAPL,263.6499938964844,263.7698974609375,263.60009765625,263.7099914550781,263.7099914550781,148300,0.0002844147653977558,263.56199951171874,263.68077087402344,0.074981689453125,0.1697998046875,Adj Close,2026-04-17 11:35:40
2026-04-16 17:50:00+00:00,AAPL,263.7145080566406,263.7298889160156,263.6000061035156,263.6700134277344,263.6700134277344,112400,-0.00015159845526957483,263.5920043945313,263.6542709350586,-0.03997802734375,0.1298828125,Adj Close,2026-04-17 11:35:40
2026-04-16 17:55:00+00:00,AAPL,263.6700134277344,263.82000732421875,263.4230041503906,263.80999755859375,263.80999755859375,219950,0.0005309065260761248,263.6490051269531,263.6332702636719,0.139984130859375,0.397003173828125,Adj Close,2026-04-17 11:35:40
2026-04-16 18:00:00+00:00,AAPL,263.79998779296875,264.1700134277344,263.739990234375,263.94000244140625,263.94000244140625,268949,0.0004927974072841401,263.7530029296875,263.6387710571289,0.1300048828125,0.430023193359375,Adj Close,2026-04-17 11:35:40
2026-04-16 18:05:00+00:00,AAPL,263.95001220703125,264.1299133300781,263.79998779296875,263.94000244140625,263.94000244140625,231117,0.0,263.8140014648437,263.6317657470703,0.0,0.329925537109375,Adj Close,2026-04-17 11:35:40
2026-04-16 18:10:00+00:00,AAPL,263.92498779296875,263.989990234375,263.739990234375,263.8500061035156,263.8500061035156,245139,-0.00034097270992716755,263.8420043945313,263.6377655029297,-0.089996337890625,0.25,Adj Close,2026-04-17 11:35:40
2026-04-16 18:15:00+00:00,AAPL,263.8399963378906,263.9472961425781,263.6549987792969,263.68499755859375,263.68499755859375,255376,-0.0006253876865826014,263.8450012207031,263.62001037597656,-0.165008544921875,0.29229736328125,Adj Close,2026-04-17 11:35:40
2026-04-16 18:20:00+00:00,AAPL,263.6814880371094,263.80999755859375,263.29998779296875,263.3598937988281,263.3598937988281,226062,-0.0012329247502728125,263.75498046875,263.58800506591797,-0.325103759765625,0.510009765625,Adj Close,2026-04-17 11:35:40
2026-04-16 18:25:00+00:00,AAPL,263.3599853515625,263.6199951171875,263.3599853515625,263.5799865722656,263.5799865722656,202636,0.0008357110502392739,263.6829772949219,263.56900482177736,0.2200927734375,0.260009765625,Adj Close,2026-04-17 11:35:40
2026-04-16 18:30:00+00:00,AAPL,263.5899963378906,263.8800048828125,263.5400085449219,263.8599853515625,263.8599853515625,243750,0.0010622914999660615,263.66697387695314,263.58599853515625,0.279998779296875,0.339996337890625,Adj Close,2026-04-17 11:35:40
2026-04-16 18:35:00+00:00,AAPL,263.8450012207031,264.0849914550781,263.79998779296875,264.05999755859375,264.05999755859375,241228,0.0007580240208258093,263.70897216796874,263.62874908447264,0.20001220703125,0.285003662109375,Adj Close,2026-04-17 11:35:40
2026-04-16 18:40:00+00:00,AAPL,264.0799865722656,264.17999267578125,264.0050048828125,264.07000732421875,264.07000732421875,220506,3.790716396867566e-05,263.7859741210938,263.6677490234375,0.010009765625,0.17498779296875,Adj Close,2026-04-17 11:35:40
2026-04-16 18:45:00+00:00,AAPL,264.06500244140625,264.2200012207031,264.0400085449219,264.1300048828125,264.1300048828125,221711,0.00022720322993774467,263.93999633789065,263.70374908447263,0.05999755859375,0.17999267578125,Adj Close,2026-04-17 11:35:40
2026-04-16 18:50:00+00:00,AAPL,264.1300048828125,264.25,263.9700012207031,264.17498779296875,264.17498779296875,180065,0.00017030594527200904,264.0589965820312,263.74249877929685,0.04498291015625,0.279998779296875,Adj Close,2026-04-17 11:35:40
2026-04-16 18:55:00+00:00,AAPL,264.17498779296875,264.3699951171875,264.0899963378906,264.3699035644531,264.3699035644531,198195,0.0007378282596426367,264.1609802246094,263.79398956298826,0.194915771484375,0.279998779296875,Adj Close,2026-04-17 11:35:40
2026-04-16 19:00:00+00:00,AAPL,264.3699951171875,264.54998779296875,264.29998779296875,264.489990234375,264.489990234375,245654,0.00045423729517901634,264.2469787597656,263.8399887084961,0.120086669921875,0.25,Adj Close,2026-04-17 11:35:40
2026-04-16 19:05:00+00:00,AAPL,264.489990234375,264.5498962402344,264.2401123046875,264.2401123046875,264.2401123046875,296577,-0.0009447538240145992,264.2809997558594,263.87599487304686,-0.2498779296875,0.309783935546875,Adj Close,2026-04-17 11:35:40
2026-04-16 19:10:00+00:00,AAPL,264.25,264.30999755859375,264.1199951171875,264.2300109863281,264.2300109863281,288086,-3.822780073503562e-05,264.3010009765625,263.91124572753904,-0.010101318359375,0.19000244140625,Adj Close,2026-04-17 11:35:40
2026-04-16 19:15:00+00:00,AAPL,264.2200927734375,264.302001953125,263.6860046386719,263.9200134277344,263.9200134277344,509065,-0.0011732110120140637,264.2500061035156,263.9362457275391,-0.30999755859375,0.615997314453125,Adj Close,2026-04-17 11:35:40
2026-04-16 19:20:00+00:00,AAPL,263.93499755859375,263.95001220703125,263.5299987792969,263.6000061035156,263.6000061035156,320119,-0.0012125163228909885,264.0960266113281,263.9344955444336,-0.32000732421875,0.420013427734375,Adj Close,2026-04-17 11:35:40
2026-04-16 19:25:00+00:00,AAPL,263.6000061035156,263.7300109863281,263.4800109863281,263.63409423828125,263.63409423828125,295238,0.00012931765544887952,263.9248474121094,263.9307006835937,0.034088134765625,0.25,Adj Close,2026-04-17 11:35:40
2026-04-16 19:30:00+00:00,AAPL,263.6300048828125,263.70001220703125,263.510009765625,263.590087890625,263.590087890625,254915,-0.00016692206591639724,263.7948425292969,263.9267044067383,-0.04400634765625,0.19000244140625,Adj Close,2026-04-17 11:35:40
2026-04-16 19:35:00+00:00,AAPL,263.6000061035156,263.9200134277344,263.54998779296875,263.9100036621094,263.9100036621094,367333,0.0012136866528043022,263.7308410644531,263.93170471191405,0.319915771484375,0.370025634765625,Adj Close,2026-04-17 11:35:40
2026-04-16 19:40:00+00:00,AAPL,263.9100036621094,263.9700012207031,263.7200012207031,263.7699890136719,263.7699890136719,340439,-0.0005305393751453558,263.7008361816406,263.92320404052737,-0.1400146484375,0.25,Adj Close,2026-04-17 11:35:40
2026-04-16 19:45:00+00:00,AAPL,263.77099609375,264.0299987792969,263.7301025390625,263.8699951171875,263.8699951171875,399509,0.0003791413264624399,263.754833984375,263.9197036743164,0.100006103515625,0.299896240234375,Adj Close,2026-04-17 11:35:40
2026-04-16 19:50:00+00:00,AAPL,263.8599853515625,264.25,263.54998779296875,263.6650085449219,263.6650085449219,710411,-0.0007768468414705021,263.7610168457031,263.9104537963867,-0.204986572265625,0.70001220703125,Adj Close,2026-04-17 11:35:40
2026-04-16 19:55:00+00:00,AAPL,263.6700134277344,263.760009765625,263.260009765625,263.3599853515625,263.3599853515625,1595324,-0.0011568588302357519,263.7149963378906,263.89420318603516,-0.305023193359375,0.5,Adj Close,2026-04-17 11:35:40
2026-04-16 13:30:00+00:00,GOOGL,338.75,339.82000732421875,336.2099914550781,337.0899963378906,337.0899963378906,1371599,,,,,3.610015869140625,Adj Close,2026-04-17 11:35:40
2026-04-16 13:35:00+00:00,GOOGL,337.0400085449219,337.2969970703125,336.20001220703125,336.82000732421875,336.82000732421875,339812,-0.0008009404509330409,,,-0.269989013671875,1.09698486328125,Adj Close,2026-04-17 11:35:40
2026-04-16 13:40:00+00:00,GOOGL,336.8500061035156,337.3599853515625,336.32000732421875,337.05999755859375,337.05999755859375,365313,0.0007125177517854908,,,0.239990234375,1.03997802734375,Adj Close,2026-04-17 11:35:40
2026-04-16 13:45:00+00:00,GOOGL,337.05999755859375,337.6099853515625,336.6300048828125,336.8500061035156,336.8500061035156,317491,-0.0006230091277491523,,,-0.209991455078125,0.97998046875,Adj Close,2026-04-17 11:35:40
2026-04-16 13:50:00+00:00,GOOGL,336.80999755859375,336.8800048828125,335.95001220703125,336.0199890136719,336.0199890136719,311311,-0.0024640554395261027,336.76799926757815,,-0.83001708984375,0.92999267578125,Adj Close,2026-04-17 11:35:40
2026-04-16 13:55:00+00:00,GOOGL,335.9700012207031,336.4100036621094,335.82000732421875,336.1700134277344,336.1700134277344,361462,0.0004464746710541867,336.58400268554686,,0.1500244140625,0.589996337890625,Adj Close,2026-04-17 11:35:40
2026-04-16 14:00:00+00:00,GOOGL,336.1700134277344,336.29998779296875,335.7200012207031,336.010009765625,336.010009765625,310984,-0.00047596054293452816,336.4220031738281,,-0.160003662109375,0.579986572265625,Adj Close,2026-04-17 11:35:40
2026-04-16 14:05:00+00:00,GOOGL,336.0450134277344,337.04998779296875,335.9599914550781,336.989990234375,336.989990234375,205187,0.0029165216519400072,336.4080017089844,,0.97998046875,1.089996337890625,Adj Close,2026-04-17 11:35:40
2026-04-16 14:10:00+00:00,GOOGL,337.0,337.57000732421875,336.9700012207031,337.1499938964844,337.1499938964844,209340,0.0004748024177159138,336.46799926757814,,0.160003662109375,0.600006103515625,Adj Close,2026-04-17 11:35:40
2026-04-16 14:15:00+00:00,GOOGL,337.2049865722656,337.351806640625,336.5400085449219,336.56500244140625,336.56500244140625,153695,-0.0017351074170796066,336.577001953125,,-0.584991455078125,0.811798095703125,Adj Close,2026-04-17 11:35:40
2026-04-16 14:20:00+00:00,GOOGL,336.6000061035156,336.7200012207031,336.340087890625,336.4800109863281,336.4800109863281,180494,-0.0002525261226259401,336.6390014648438,,-0.084991455078125,0.379913330078125,Adj Close,2026-04-17 11:35:40
2026-04-16 14:25:00+00:00,GOOGL,336.4700012207031,336.80859375,336.3699951171875,336.7770080566406,336.7770080566406,170921,0.0008826588819998982,336.7924011230469,,0.2969970703125,0.4385986328125,Adj Close,2026-04-17 11:35:40
2026-04-16 14:30:00+00:00,GOOGL,336.8399963378906,337.0198974609375,336.7300109863281,336.760009765625,336.760009765625,179349,-5.047343081321376e-05,336.74640502929685,,-0.016998291015625,0.289886474609375,Adj Close,2026-04-17 11:35:40
2026-04-16 14:35:00+00:00,GOOGL,336.760009765625,336.95001220703125,336.55999755859375,336.8800048828125,336.8800048828125,134456,0.0003563223473921351,336.6924072265625,,0.1199951171875,0.3900146484375,Adj Close,2026-04-17 11:35:40
2026-04-16 14:40:00+00:00,GOOGL,336.8699951171875,337.635009765625,336.7799987792969,337.63189697265625,337.63189697265625,196299,0.0022319285174117187,336.9057861328125,,0.75189208984375,0.855010986328125,Adj Close,2026-04-17 11:35:40
2026-04-16 14:45:00+00:00,GOOGL,337.6300048828125,337.8399963378906,337.4100036621094,337.7200012207031,337.7200012207031,185339,0.00026094764397810444,337.1537841796875,,0.088104248046875,0.42999267578125,Adj Close,2026-04-17 11:35:40
2026-04-16 14:50:00+00:00,GOOGL,337.760009765625,338.0799865722656,337.6099853515625,337.6390075683594,337.6390075683594,182459,-0.0002398248609825071,337.32618408203126,,-0.08099365234375,0.470001220703125,Adj Close,2026-04-17 11:35:40
2026-04-16 14:55:00+00:00,GOOGL,337.6449890136719,337.6700134277344,336.89019775390625,337.1300048828125,337.1300048828125,112062,-0.001507535190358067,337.4001831054687,,-0.509002685546875,0.779815673828125,Adj Close,2026-04-17 11:35:40
2026-04-16 15:00:00+00:00,GOOGL,337.1499938964844,337.3900146484375,337.1300048828125,337.35009765625,337.35009765625,107257,0.0006528424354099727,337.49420166015625,,0.2200927734375,0.260009765625,Adj Close,2026-04-17 11:35:40
2026-04-16 15:05:00+00:00,GOOGL,337.3399963378906,337.7900085449219,337.20001220703125,337.760009765625,337.760009765625,223209,0.0012150940883755013,337.51982421875,336.9426528930664,0.409912109375,0.589996337890625,Adj Close,2026-04-17 11:35:40
2026-04-16 15:10:00+00:00,GOOGL,337.7900085449219,337.94000244140625,337.489990234375,337.7449951171875,337.7449951171875,112307,-4.445360019944555e-05,337.5248229980469,336.97540283203125,-0.0150146484375,0.45001220703125,Adj Close,2026-04-17 11:35:40
2026-04-16 15:15:00+00:00,GOOGL,337.760009765625,338.0400085449219,337.54998779296875,337.5899963378906,337.5899963378906,151672,-0.00045892250525603195,337.5150207519531,337.01390228271487,-0.154998779296875,0.490020751953125,Adj Close,2026-04-17 11:35:40
2026-04-16 15:20:00+00:00,GOOGL,337.6000061035156,337.69000244140625,337.372802734375,337.3800048828125,337.3800048828125,120989,-0.0006220310357417658,337.5650207519531,337.02990264892577,-0.209991455078125,0.31719970703125,Adj Close,2026-04-17 11:35:40
2026-04-16 15:25:00+00:00,GOOGL,337.3699951171875,337.6600036621094,336.55999755859375,336.55999755859375,336.55999755859375,210442,-0.002430515479136308,337.40700073242186,337.01540222167966,-0.82000732421875,1.100006103515625,Adj Close,2026-04-17 11:35:40
2026-04-16 15:30:00+00:00,GOOGL,336.55999755859375,337.19000244140625,336.5400085449219,337.1000061035156,337.1000061035156,130896,0.001604494143210955,337.275,337.06940307617185,0.540008544921875,0.649993896484375,Adj Close,2026-04-17 11:35:40
2026-04-16 15:35:00+00:00,GOOGL,337.1000061035156,337.5799865722656,336.95001220703125,337.0799865722656,337.0799865722656,170279,-5.938751375711426e-05,337.1419982910156,337.1149017333984,-0.02001953125,0.629974365234375,Adj Close,2026-04-17 11:35:40
2026-04-16 15:40:00+00:00,GOOGL,337.05999755859375,337.2099914550781,336.8299865722656,337.05999755859375,337.05999755859375,128651,-5.93005057201168e-05,337.03599853515624,337.1674011230469,-0.019989013671875,0.3800048828125,Adj Close,2026-04-17 11:35:40
2026-04-16 15:45:00+00:00,GOOGL,337.06500244140625,337.260009765625,336.95001220703125,337.2200012207031,337.2200012207031,110756,0.00047470380130643086,337.0039978027344,337.1789016723633,0.160003662109375,0.30999755859375,Adj Close,2026-04-17 11:35:40
2026-04-16 15:50:00+00:00,GOOGL,337.239990234375,337.45001220703125,337.04010009765625,337.1300048828125,337.1300048828125,106386,-0.0002668772242596651,337.1179992675781,337.1779022216797,-0.089996337890625,0.409912109375,Adj Close,2026-04-17 11:35:40
2026-04-16 15:55:00+00:00,GOOGL,337.1400146484375,337.5899963378906,337.1400146484375,337.55999755859375,337.55999755859375,142829,0.0012754506260299614,337.2099975585937,337.22765197753904,0.42999267578125,0.449981689453125,Adj Close,2026-04-17 11:35:40
2026-04-16 16:00:00+00:00,GOOGL,337.55999755859375,337.9200134277344,337.55999755859375,337.9200134277344,337.9200134277344,147948,0.0010665240897749229,337.3780029296875,337.2996520996094,0.360015869140625,0.360015869140625,Adj Close,2026-04-17 11:35:40
2026-04-16 16:05:00+00:00,GOOGL,337.88970947265625,337.9750061035156,337.75,337.9750061035156,337.9750061035156,91079,0.00016273873578365183,337.5610046386719,337.35955200195315,0.05499267578125,0.225006103515625,Adj Close,2026-04-17 11:35:40
2026-04-16 16:10:00+00:00,GOOGL,337.9700012207031,338.3349914550781,337.8900146484375,338.3349914550781,338.3349914550781,90346,0.001065124180964494,337.78400268554685,337.4383010864258,0.3599853515625,0.444976806640625,Adj Close,2026-04-17 11:35:40
2026-04-16 16:15:00+00:00,GOOGL,338.3500061035156,338.5,338.3299865722656,338.3800048828125,338.3800048828125,101392,0.0001330439619644519,338.03400268554685,337.51330108642577,0.045013427734375,0.170013427734375,Adj Close,2026-04-17 11:35:40
2026-04-16 16:20:00+00:00,GOOGL,338.3699951171875,338.42999267578125,338.0920104980469,338.1300048828125,338.1300048828125,118999,-0.0007388143400688385,338.14800415039065,337.53820648193357,-0.25,0.337982177734375,Adj Close,2026-04-17 11:35:40
2026-04-16 16:25:00+00:00,GOOGL,338.1000061035156,338.1199951171875,337.8901062011719,337.9107971191406,337.9107971191406,92937,-0.0006482943261656438,338.1461608886719,337.5477462768555,-0.219207763671875,0.229888916015625,Adj Close,2026-04-17 11:35:40
2026-04-16 16:30:00+00:00,GOOGL,337.9599914550781,338.0137939453125,336.95001220703125,337.30999755859375,337.30999755859375,184798,-0.0017779827270066884,338.0131591796875,337.5312957763672,-0.600799560546875,1.06378173828125,Adj Close,2026-04-17 11:35:40
2026-04-16 16:35:00+00:00,GOOGL,337.2950134277344,337.79998779296875,337.2909851074219,337.7200012207031,337.7200012207031,84540,0.0012155099613913034,337.8901611328125,337.56079559326173,0.410003662109375,0.509002685546875,Adj Close,2026-04-17 11:35:40
2026-04-16 16:40:00+00:00,GOOGL,337.7200012207031,337.8900146484375,337.5013122558594,337.5400085449219,337.5400085449219,101941,-0.0005329642163054427,337.7221618652344,337.57029113769534,-0.17999267578125,0.388702392578125,Adj Close,2026-04-17 11:35:40
2026-04-16 16:45:00+00:00,GOOGL,337.5215148925781,337.8900146484375,337.5215148925781,337.7900085449219,337.7900085449219,77399,0.0007406529408993112,337.65416259765624,337.57179107666013,0.25,0.368499755859375,Adj Close,2026-04-17 11:35:40
2026-04-16 16:50:00+00:00,GOOGL,337.7950134277344,337.9800109863281,337.3900146484375,337.4100036621094,337.4100036621094,62312,-0.0011249737209499955,337.55400390625,337.55504150390624,-0.3800048828125,0.589996337890625,Adj Close,2026-04-17 11:35:40
2026-04-16 16:55:00+00:00,GOOGL,337.42999267578125,337.5799865722656,337.3299865722656,337.3900146484375,337.3900146484375,69957,-5.924250453426261e-05,337.57000732421875,337.54504241943357,-0.019989013671875,0.25,Adj Close,2026-04-17 11:35:40
2026-04-16 17:00:00+00:00,GOOGL,337.4100036621094,337.4200134277344,337.0799865722656,337.1099853515625,337.1099853515625,107870,-0.0008299869134147375,337.4480041503906,337.5315414428711,-0.280029296875,0.34002685546875,Adj Close,2026-04-17 11:35:40
2026-04-16 17:05:00+00:00,GOOGL,337.1199951171875,337.1499938964844,336.6099853515625,336.8699951171875,336.8699951171875,127782,-0.0007119048524317773,337.3140014648437,337.54704132080076,-0.239990234375,0.540008544921875,Adj Close,2026-04-17 11:35:40
2026-04-16 17:10:00+00:00,GOOGL,336.8900146484375,337.04998779296875,336.5216979980469,336.5299987792969,336.5299987792969,89837,-0.0010092805616966904,337.06199951171874,337.51854095458987,-0.339996337890625,0.528289794921875,Adj Close,2026-04-17 11:35:40
2026-04-16 17:15:00+00:00,GOOGL,336.5199890136719,336.5799865722656,336.0375061035156,336.1700134277344,336.1700134277344,132370,-0.0010696976580639728,336.8140014648437,337.4730422973633,-0.3599853515625,0.54248046875,Adj Close,2026-04-17 11:35:40
2026-04-16 17:20:00+00:00,GOOGL,336.2099914550781,336.2449951171875,335.631103515625,336.2099914550781,336.2099914550781,205166,0.00011892205059016447,336.5779968261719,337.4305419921875,0.03997802734375,0.6138916015625,Adj Close,2026-04-17 11:35:40
2026-04-16 17:25:00+00:00,GOOGL,336.2149963378906,336.2900085449219,335.8999938964844,335.9800109863281,335.9800109863281,575227,-0.0006840381743405954,336.352001953125,337.36854248046876,-0.22998046875,0.3900146484375,Adj Close,2026-04-17 11:35:40
2026-04-16 17:30:00+00:00,GOOGL,335.989990234375,336.2699890136719,335.7799987792969,335.79998779296875,335.79998779296875,117928,-0.0005358151898110508,336.13800048828125,337.3020416259766,-0.180023193359375,0.489990234375,Adj Close,2026-04-17 11:35:40
2026-04-16 17:35:00+00:00,GOOGL,335.7900085449219,335.9800109863281,335.6050109863281,335.8699951171875,335.8699951171875,115723,0.0002084792339596131,336.00599975585936,337.21754150390626,0.07000732421875,0.375,Adj Close,2026-04-17 11:35:40
2026-04-16 17:40:00+00:00,GOOGL,335.8599853515625,336.3900146484375,335.8399963378906,336.31500244140625,336.31500244140625,163599,0.0013249392047165465,336.0349975585938,337.13729095458984,0.44500732421875,0.550018310546875,Adj Close,2026-04-17 11:35:40
2026-04-16 17:45:00+00:00,GOOGL,336.30499267578125,336.55499267578125,336.1600036621094,336.42498779296875,336.42498779296875,118986,0.0003270307621250357,336.0779968261719,337.0597900390625,0.1099853515625,0.394989013671875,Adj Close,2026-04-17 11:35:40
2026-04-16 17:50:00+00:00,GOOGL,336.3299865722656,336.3800048828125,335.8900146484375,335.9549865722656,335.9549865722656,139269,-0.0013970461105949905,336.0729919433594,336.9407897949219,-0.470001220703125,0.489990234375,Adj Close,2026-04-17 11:35:40
2026-04-16 17:55:00+00:00,GOOGL,335.8800048828125,335.8900146484375,334.79998779296875,335.05010986328125,335.05010986328125,240573,-0.0026934462804579784,335.9230163574219,336.7742950439453,-0.904876708984375,1.09002685546875,Adj Close,2026-04-17 11:35:40
2026-04-16 18:00:00+00:00,GOOGL,335.07000732421875,335.4800109863281,335.0299987792969,335.3800048828125,335.3800048828125,211612,0.0009846139721185754,335.82501831054685,336.6367950439453,0.32989501953125,0.45001220703125,Adj Close,2026-04-17 11:35:40
2026-04-16 18:05:00+00:00,GOOGL,335.42498779296875,335.5299987792969,335.0400085449219,335.1499938964844,335.1499938964844,145970,-0.0006858220018468586,335.5920166015625,336.4987548828125,-0.230010986328125,0.489990234375,Adj Close,2026-04-17 11:35:40
2026-04-16 18:10:00+00:00,GOOGL,335.1650085449219,335.57000732421875,335.07000732421875,335.3599853515625,335.3599853515625,140797,0.0006265596267411855,335.37901611328124,336.40125427246096,0.209991455078125,0.5,Adj Close,2026-04-17 11:35:40
2026-04-16 18:15:00+00:00,GOOGL,335.3500061035156,335.4800109863281,335.1300048828125,335.1700134277344,335.1700134277344,130810,-0.0005664716487536747,335.222021484375,336.2737548828125,-0.189971923828125,0.350006103515625,Adj Close,2026-04-17 11:35:40
2026-04-16 18:20:00+00:00,GOOGL,335.1700134277344,335.2799987792969,334.6400146484375,334.652587890625,334.652587890625,133530,-0.0015437703743772513,335.14251708984375,336.12938385009767,-0.517425537109375,0.639984130859375,Adj Close,2026-04-17 11:35:40
2026-04-16 18:25:00+00:00,GOOGL,334.6524963378906,334.9800109863281,334.5199890136719,334.9800109863281,334.9800109863281,162380,0.000978397022915356,335.06251831054686,335.98888397216797,0.327423095703125,0.46002197265625,Adj Close,2026-04-17 11:35:40
2026-04-16 18:30:00+00:00,GOOGL,335.0,335.6199951171875,334.9049987792969,335.489990234375,335.489990234375,164592,0.0015224169542094046,335.130517578125,335.89288330078125,0.509979248046875,0.714996337890625,Adj Close,2026-04-17 11:35:40
2026-04-16 18:35:00+00:00,GOOGL,335.4800109863281,335.5899963378906,335.3200988769531,335.4700012207031,335.4700012207031,207246,-5.958155013185973e-05,335.15252075195315,335.79688262939453,-0.019989013671875,0.2698974609375,Adj Close,2026-04-17 11:35:40
2026-04-16 18:40:00+00:00,GOOGL,335.5,335.6600036621094,335.2300109863281,335.32000732421875,335.32000732421875,91370,-0.00044711567633048954,335.18251953125,335.70738372802737,-0.149993896484375,0.42999267578125,Adj Close,2026-04-17 11:35:40
2026-04-16 18:45:00+00:00,GOOGL,335.30999755859375,335.6300048828125,335.25,335.4700012207031,335.4700012207031,107426,0.0004473156781823473,335.34600219726565,335.63738403320315,0.149993896484375,0.3800048828125,Adj Close,2026-04-17 11:35:40
2026-04-16 18:50:00+00:00,GOOGL,335.4200134277344,335.5,335.2900085449219,335.2900085449219,335.2900085449219,82214,-0.000536538811596543,335.4080017089844,335.57538452148435,-0.17999267578125,0.209991455078125,Adj Close,2026-04-17 11:35:40
2026-04-16 18:55:00+00:00,GOOGL,335.2799987792969,335.3399963378906,335.0199890136719,335.31500244140625,335.31500244140625,158526,7.454411359542057e-05,335.3730041503906,335.53263397216796,0.024993896484375,0.32000732421875,Adj Close,2026-04-17 11:35:40
2026-04-16 19:00:00+00:00,GOOGL,335.3399963378906,335.3900146484375,334.95001220703125,335.0299987792969,335.0299987792969,165828,-0.0008499579799122747,335.2850036621094,335.47363433837893,-0.285003662109375,0.44000244140625,Adj Close,2026-04-17 11:35:40
2026-04-16 19:05:00+00:00,GOOGL,335.0400085449219,335.1499938964844,334.79998779296875,335.0150146484375,335.0150146484375,118922,-4.472474379602076e-05,335.2240051269531,335.4253845214844,-0.014984130859375,0.350006103515625,Adj Close,2026-04-17 11:35:40
2026-04-16 19:10:00+00:00,GOOGL,334.989990234375,335.17999267578125,334.864990234375,335.1000061035156,335.1000061035156,113073,0.00025369446550715935,335.15000610351564,335.39038543701173,0.084991455078125,0.31500244140625,Adj Close,2026-04-17 11:35:40
2026-04-16 19:15:00+00:00,GOOGL,335.1451110839844,335.2799987792969,334.94000244140625,335.19500732421875,335.19500732421875,103789,0.0002835011010826616,335.131005859375,335.3566360473633,0.095001220703125,0.339996337890625,Adj Close,2026-04-17 11:35:40
2026-04-16 19:20:00+00:00,GOOGL,335.17999267578125,335.2300109863281,334.95001220703125,334.9700012207031,334.9700012207031,123255,-0.0006712692569970091,335.0620056152344,335.2893859863281,-0.225006103515625,0.279998779296875,Adj Close,2026-04-17 11:35:40
2026-04-16 19:25:00+00:00,GOOGL,334.9800109863281,335.2569885253906,334.8399963378906,335.1199951171875,335.1199951171875,166127,0.0004477830729252563,335.0800048828125,335.22413635253906,0.149993896484375,0.4169921875,Adj Close,2026-04-17 11:35:40
2026-04-16 19:30:00+00:00,GOOGL,335.110107421875,335.6000061035156,335.110107421875,335.5950012207031,335.5950012207031,179861,0.0014174209549910888,335.1960021972656,335.2061370849609,0.475006103515625,0.489898681640625,Adj Close,2026-04-17 11:35:40
2026-04-16 19:35:00+00:00,GOOGL,335.5950012207031,335.9700012207031,335.5950012207031,335.92999267578125,335.92999267578125,218330,0.0009982015639673492,335.36199951171875,335.25013122558596,0.334991455078125,0.375,Adj Close,2026-04-17 11:35:40
2026-04-16 19:40:00+00:00,GOOGL,335.9599914550781,336.05999755859375,335.5899963378906,335.5899963378906,335.5899963378906,254192,-0.0010121047399860306,335.4409973144531,335.26063079833983,-0.339996337890625,0.470001220703125,Adj Close,2026-04-17 11:35:40
2026-04-16 19:45:00+00:00,GOOGL,335.6300048828125,335.9100036621094,335.4599914550781,335.885009765625,335.885009765625,291826,0.0008790888612701941,335.6239990234375,335.29738159179686,0.295013427734375,0.45001220703125,Adj Close,2026-04-17 11:35:40
2026-04-16 19:50:00+00:00,GOOGL,335.8699951171875,336.17999267578125,335.4800109863281,335.8599853515625,335.8599853515625,441569,-7.450292015098725e-05,335.7719970703125,335.3223815917969,-0.0250244140625,0.699981689453125,Adj Close,2026-04-17 11:35:40
2026-04-16 19:55:00+00:00,GOOGL,335.8299865722656,336.4100036621094,335.8299865722656,335.989990234375,335.989990234375,1202420,0.00038708059454117816,335.8509948730469,335.3633804321289,0.1300048828125,0.58001708984375,Adj Close,2026-04-17 11:35:40
2026-04-16 13:30:00+00:00,MSFT,419.989990234375,420.0,415.67999267578125,416.6600036621094,416.6600036621094,4534274,,,,,4.32000732421875,Adj Close,2026-04-17 11:35:40
2026-04-16 13:35:00+00:00,MSFT,416.6600036621094,418.42999267578125,416.6199951171875,417.32501220703125,417.32501220703125,1221582,0.0015960460305213253,,,0.665008544921875,1.80999755859375,Adj Close,2026-04-17 11:35:40
2026-04-16 13:40:00+00:00,MSFT,417.3492126464844,418.4200134277344,417.1199951171875,417.3800048828125,417.3800048828125,760335,0.000131774214755076,,,0.05499267578125,1.300018310546875,Adj Close,2026-04-17 11:35:40
2026-04-16 13:45:00+00:00,MSFT,417.44000244140625,417.8399963378906,414.7506103515625,415.239990234375,415.239990234375,847274,-0.005127257231784088,,,-2.1400146484375,3.089385986328125,Adj Close,2026-04-17 11:35:40
2026-04-16 13:50:00+00:00,MSFT,415.2200012207031,415.260009765625,412.29998779296875,412.4800109863281,412.4800109863281,946247,-0.00664670868162065,415.81700439453124,,-2.759979248046875,2.96002197265625,Adj Close,2026-04-17 11:35:40
2026-04-16 13:55:00+00:00,MSFT,412.489990234375,414.239990234375,412.29998779296875,413.32000732421875,413.32000732421875,696795,0.0020364534414214486,415.1490051269531,,0.839996337890625,1.94000244140625,Adj Close,2026-04-17 11:35:40
2026-04-16 14:00:00+00:00,MSFT,413.30999755859375,413.760009765625,412.1400146484375,413.5799865722656,413.5799865722656,649001,0.00062900233097829,414.4,,0.259979248046875,1.6199951171875,Adj Close,2026-04-17 11:35:40
2026-04-16 14:05:00+00:00,MSFT,413.6099853515625,414.9800109863281,413.5400085449219,414.7749938964844,414.7749938964844,585029,0.0028894225132189977,413.8789978027344,,1.19500732421875,1.44000244140625,Adj Close,2026-04-17 11:35:40
2026-04-16 14:10:00+00:00,MSFT,414.7900085449219,415.0899963378906,413.7799987792969,413.9100036621094,413.9100036621094,528864,-0.00208544451112902,413.6130004882813,,-0.864990234375,1.30999755859375,Adj Close,2026-04-17 11:35:40
2026-04-16 14:15:00+00:00,MSFT,413.9150085449219,414.239990234375,413.1300048828125,413.5589904785156,413.5589904785156,501892,-0.0008480422809019617,413.82879638671875,,-0.35101318359375,1.1099853515625,Adj Close,2026-04-17 11:35:40
2026-04-16 14:20:00+00:00,MSFT,413.55999755859375,414.3186950683594,413.55999755859375,413.94000244140625,413.94000244140625,360893,0.0009213001570822499,413.9527954101562,,0.381011962890625,0.758697509765625,Adj Close,2026-04-17 11:35:40
2026-04-16 14:25:00+00:00,MSFT,413.93499755859375,415.0599060058594,413.8500061035156,414.9100036621094,414.9100036621094,367521,0.0023433377179835624,414.218798828125,,0.970001220703125,1.20989990234375,Adj Close,2026-04-17 11:35:40
2026-04-16 14:30:00+00:00,MSFT,414.8500061035156,415.8999938964844,414.8500061035156,415.0799865722656,415.0799865722656,421065,0.0004096862178688543,414.27979736328126,,0.16998291015625,1.04998779296875,Adj Close,2026-04-17 11:35:40
2026-04-16 14:35:00+00:00,MSFT,415.0899963378906,415.44000244140625,414.92999267578125,415.05999755859375,415.05999755859375,325072,-4.815701628246849e-05,414.5097961425781,,-0.019989013671875,0.510009765625,Adj Close,2026-04-17 11:35:40
2026-04-16 14:40:00+00:00,MSFT,415.0400085449219,415.44500732421875,414.6000061035156,415.3699951171875,415.3699951171875,329699,0.0007468740914979843,414.8719970703125,,0.30999755859375,0.845001220703125,Adj Close,2026-04-17 11:35:40
2026-04-16 14:45:00+00:00,MSFT,415.3800048828125,415.6499938964844,415.2099914550781,415.5299987792969,415.5299987792969,280485,0.0003852075595018878,415.18999633789065,,0.160003662109375,0.44000244140625,Adj Close,2026-04-17 11:35:40
2026-04-16 14:50:00+00:00,MSFT,415.5199890136719,415.54998779296875,414.45001220703125,414.885009765625,414.885009765625,407814,-0.0015522080609502442,415.18499755859375,,-0.644989013671875,1.0999755859375,Adj Close,2026-04-17 11:35:40
2026-04-16 14:55:00+00:00,MSFT,414.89599609375,415.1000061035156,414.5299987792969,414.8800048828125,414.8800048828125,259782,-1.2063301143006022e-05,415.14500122070314,,-0.0050048828125,0.57000732421875,Adj Close,2026-04-17 11:35:40
2026-04-16 15:00:00+00:00,MSFT,414.8999938964844,415.04998779296875,414.25,414.5,414.5,252474,-0.0009159392555441181,415.0330017089844,,-0.3800048828125,0.79998779296875,Adj Close,2026-04-17 11:35:40
2026-04-16 15:05:00+00:00,MSFT,414.5,414.79998779296875,413.8699951171875,414.614990234375,414.614990234375,342429,0.00027741914203849305,414.8820007324219,414.8499496459961,0.114990234375,0.92999267578125,Adj Close,2026-04-17 11:35:40
2026-04-16 15:10:00+00:00,MSFT,414.6260070800781,416.1099853515625,414.5899963378906,416.0899963378906,416.0899963378906,485179,0.003557532019481169,414.99400024414064,414.82144927978516,1.475006103515625,1.519989013671875,Adj Close,2026-04-17 11:35:40
2026-04-16 15:15:00+00:00,MSFT,416.1099853515625,416.9200134277344,416.0899963378906,416.7449951171875,416.7449951171875,470894,0.0015741757433769266,415.3659973144531,414.79244842529295,0.654998779296875,0.83001708984375,Adj Close,2026-04-17 11:35:40
2026-04-16 15:20:00+00:00,MSFT,416.7550048828125,418.1199951171875,416.7200012207031,417.6300048828125,417.6300048828125,512368,0.0021236242210327383,415.91599731445314,414.804948425293,0.885009765625,1.399993896484375,Adj Close,2026-04-17 11:35:40
2026-04-16 15:25:00+00:00,MSFT,417.6400146484375,417.885009765625,416.510009765625,416.57000732421875,416.57000732421875,347261,-0.002538125963653326,416.3299987792969,414.87144927978517,-1.05999755859375,1.375,Adj Close,2026-04-17 11:35:40
2026-04-16 15:30:00+00:00,MSFT,416.5,417.5,416.2900085449219,417.4643859863281,417.4643859863281,277172,0.0021470068569129364,416.8998779296875,415.1206680297852,0.894378662109375,1.209991455078125,Adj Close,2026-04-17 11:35:40
2026-04-16 15:35:00+00:00,MSFT,417.4800109863281,418.3900146484375,417.42999267578125,417.8800048828125,417.8800048828125,428179,0.0009955792887634818,417.25787963867185,415.34866790771486,0.415618896484375,0.96002197265625,Adj Close,2026-04-17 11:35:40
2026-04-16 15:40:00+00:00,MSFT,417.8800048828125,417.989990234375,417.05999755859375,417.739990234375,417.739990234375,310951,-0.00033505945917844393,417.4568786621094,415.5566680908203,-0.1400146484375,0.92999267578125,Adj Close,2026-04-17 11:35:40
2026-04-16 15:45:00+00:00,MSFT,417.7349853515625,418.6199951171875,417.7040100097656,418.3500061035156,418.3500061035156,346433,0.0014602764480327046,417.60087890625,415.73541870117185,0.610015869140625,0.915985107421875,Adj Close,2026-04-17 11:35:40
2026-04-16 15:50:00+00:00,MSFT,418.3599853515625,419.3399963378906,418.3399963378906,418.80999755859375,418.80999755859375,460727,0.0010995373452062918,418.048876953125,415.9804183959961,0.459991455078125,1.0,Adj Close,2026-04-17 11:35:40
2026-04-16 15:55:00+00:00,MSFT,418.80999755859375,419.5400085449219,418.65509033203125,419.42999267578125,419.42999267578125,437054,0.0014803732499264477,418.44199829101564,416.2739685058594,0.6199951171875,0.884918212890625,Adj Close,2026-04-17 11:35:40
2026-04-16 16:00:00+00:00,MSFT,419.42999267578125,420.55999755859375,419.2893981933594,420.3800048828125,420.3800048828125,589524,0.0022650078049273326,418.94199829101564,416.59596862792966,0.95001220703125,1.270599365234375,Adj Close,2026-04-17 11:35:40
2026-04-16 16:05:00+00:00,MSFT,420.3550109863281,420.5400085449219,419.739990234375,419.79400634765625,419.79400634765625,483066,-0.00139397337730085,419.35280151367186,416.84016876220704,-0.58599853515625,0.800018310546875,Adj Close,2026-04-17 11:35:40
2026-04-16 16:10:00+00:00,MSFT,419.7900085449219,420.44000244140625,419.6700134277344,419.8299865722656,419.8299865722656,343587,8.570923849626766e-05,419.6487976074219,417.07766876220705,0.035980224609375,0.769989013671875,Adj Close,2026-04-17 11:35:40
2026-04-16 16:15:00+00:00,MSFT,419.79998779296875,419.9049987792969,419.47119140625,419.510009765625,419.510009765625,311864,-0.0007621580565340125,419.78880004882814,417.30016937255857,-0.319976806640625,0.433807373046875,Adj Close,2026-04-17 11:35:40
2026-04-16 16:20:00+00:00,MSFT,419.510009765625,419.5799865722656,419.04840087890625,419.4299011230469,419.4299011230469,307736,-0.00019095764275778304,419.7887817382813,417.50316467285154,-0.080108642578125,0.531585693359375,Adj Close,2026-04-17 11:35:40
2026-04-16 16:25:00+00:00,MSFT,419.4150085449219,419.6099853515625,419.239990234375,419.30999755859375,419.30999755859375,252701,-0.0002858727146826112,419.5747802734375,417.6921646118164,-0.119903564453125,0.3699951171875,Adj Close,2026-04-17 11:35:40
2026-04-16 16:30:00+00:00,MSFT,419.3299865722656,419.55999755859375,417.7699890136719,418.1499938964844,418.1499938964844,396040,-0.002766458393225646,419.2459777832031,417.85541381835935,-1.160003662109375,1.790008544921875,Adj Close,2026-04-17 11:35:40
2026-04-16 16:35:00+00:00,MSFT,418.1499938964844,419.3599853515625,417.80010986328125,419.3599853515625,419.3599853515625,307536,0.002893678040750247,419.1519775390625,418.07941284179685,1.209991455078125,1.55987548828125,Adj Close,2026-04-17 11:35:40
2026-04-16 16:40:00+00:00,MSFT,419.3352966308594,419.6400146484375,419.3352966308594,419.55999755859375,419.55999755859375,224090,0.000476946332549133,419.16197509765624,418.33241271972656,0.20001220703125,0.304718017578125,Adj Close,2026-04-17 11:35:40
2026-04-16 16:45:00+00:00,MSFT,419.55999755859375,420.0299987792969,419.54998779296875,419.8999938964844,419.8999938964844,401540,0.0008103640477381546,419.25599365234376,418.596662902832,0.339996337890625,0.480010986328125,Adj Close,2026-04-17 11:35:40
2026-04-16 16:50:00+00:00,MSFT,419.8800048828125,419.95001220703125,419.2200012207031,419.3599853515625,419.3599853515625,242306,-0.0012860408496576659,419.2659912109375,418.7601623535156,-0.540008544921875,0.730010986328125,Adj Close,2026-04-17 11:35:40
2026-04-16 16:55:00+00:00,MSFT,419.364990234375,419.462890625,418.70001220703125,418.7449951171875,418.7449951171875,309185,-0.0014664971763088674,419.38499145507814,418.86016235351565,-0.614990234375,0.76287841796875,Adj Close,2026-04-17 11:35:40
2026-04-16 17:00:00+00:00,MSFT,418.7650146484375,419.17999267578125,418.7300109863281,418.8399963378906,418.8399963378906,200794,0.00022687129831022723,419.28099365234374,418.92066192626953,0.095001220703125,0.449981689453125,Adj Close,2026-04-17 11:35:40
2026-04-16 17:05:00+00:00,MSFT,418.8800048828125,418.9800109863281,418.4100036621094,418.6300048828125,418.6300048828125,308509,-0.0005013643799880452,419.0949951171875,419.0236618041992,-0.209991455078125,0.57000732421875,Adj Close,2026-04-17 11:35:40
2026-04-16 17:10:00+00:00,MSFT,418.6499938964844,418.8800048828125,418.010009765625,418.0849914550781,418.0849914550781,192571,-0.0013018976694872952,418.73199462890625,419.05469207763673,-0.545013427734375,0.8699951171875,Adj Close,2026-04-17 11:35:40
2026-04-16 17:15:00+00:00,MSFT,418.0899963378906,418.3999938964844,417.7699890136719,418.32708740234375,418.32708740234375,155187,0.0005790591679051271,418.5254150390625,419.0770462036133,0.242095947265625,0.6300048828125,Adj Close,2026-04-17 11:35:40
2026-04-16 17:20:00+00:00,MSFT,418.3399963378906,419.3399963378906,418.3399963378906,419.19000244140625,419.19000244140625,245981,0.0020627759115980915,418.6144165039062,419.14954681396483,0.8629150390625,1.0,Adj Close,2026-04-17 11:35:40
2026-04-16 17:25:00+00:00,MSFT,419.19000244140625,419.3699951171875,418.9801025390625,419.0849914550781,419.0849914550781,225915,-0.0002505092815108245,418.6634155273438,419.186296081543,-0.105010986328125,0.389892578125,Adj Close,2026-04-17 11:35:40
2026-04-16 17:30:00+00:00,MSFT,419.1099853515625,419.44000244140625,418.8599853515625,418.8976135253906,418.8976135253906,178648,-0.00044711200235758586,418.71693725585936,419.1906768798828,-0.1873779296875,0.58001708984375,Adj Close,2026-04-17 11:35:40
2026-04-16 17:35:00+00:00,MSFT,418.9049987792969,419.3699951171875,418.8399963378906,419.3349914550781,419.3349914550781,167291,0.001044116546777607,418.96693725585936,419.18592681884763,0.4373779296875,0.529998779296875,Adj Close,2026-04-17 11:35:40
2026-04-16 17:40:00+00:00,MSFT,419.3599853515625,420.0150146484375,419.29998779296875,419.9530029296875,419.9530029296875,286492,0.0014737894218292968,419.2921203613281,419.1645767211914,0.618011474609375,0.71502685546875,Adj Close,2026-04-17 11:35:40
2026-04-16 17:45:00+00:00,MSFT,419.9700012207031,420.0799865722656,419.760009765625,419.8550109863281,419.8550109863281,226869,-0.00023334026111432316,419.4251220703125,419.167626953125,-0.097991943359375,0.319976806640625,Adj Close,2026-04-17 11:35:40
2026-04-16 17:50:00+00:00,MSFT,419.8550109863281,419.8550109863281,419.4700012207031,419.5799865722656,419.5799865722656,169811,-0.000655046163237194,419.52412109375,419.155126953125,-0.2750244140625,0.385009765625,Adj Close,2026-04-17 11:35:40
2026-04-16 17:55:00+00:00,MSFT,419.5899963378906,419.5899963378906,419.2200012207031,419.5199890136719,419.5199890136719,234410,-0.00014299432888564834,419.6485961914062,419.15562591552737,-0.05999755859375,0.3699951171875,Adj Close,2026-04-17 11:35:40
2026-04-16 18:00:00+00:00,MSFT,419.5,419.7300109863281,418.8800048828125,418.92498779296875,418.92498779296875,209086,-0.001418290513646392,419.56659545898435,419.13038024902346,-0.595001220703125,0.850006103515625,Adj Close,2026-04-17 11:35:40
2026-04-16 18:05:00+00:00,MSFT,418.92498779296875,419.0400085449219,417.94000244140625,418.19000244140625,418.19000244140625,278563,-0.0017544557450120957,419.2139953613281,419.0743804931641,-0.7349853515625,1.100006103515625,Adj Close,2026-04-17 11:35:40
2026-04-16 18:10:00+00:00,MSFT,418.2200012207031,418.3399963378906,417.8699951171875,418.2098083496094,418.2098083496094,242932,4.7361027493586505e-05,418.88495483398435,419.07737121582034,0.019805908203125,0.470001220703125,Adj Close,2026-04-17 11:35:40
2026-04-16 18:15:00+00:00,MSFT,418.2099914550781,418.239990234375,417.5299987792969,417.5599060058594,417.5599060058594,201038,-0.001554010285685803,418.48093872070314,418.9873672485352,-0.64990234375,0.709991455078125,Adj Close,2026-04-17 11:35:40
2026-04-16 18:20:00+00:00,MSFT,417.5350036621094,417.7799072265625,417.0350036621094,417.2200012207031,417.2200012207031,222759,-0.0008140263954161675,418.02094116210935,418.8703674316406,-0.33990478515625,0.744903564453125,Adj Close,2026-04-17 11:35:40
2026-04-16 18:25:00+00:00,MSFT,417.2799987792969,417.5299072265625,417.010009765625,417.4849853515625,417.4849853515625,245551,0.0006351184748671912,417.7329406738281,418.7496170043945,0.264984130859375,0.5198974609375,Adj Close,2026-04-17 11:35:40
2026-04-16 18:30:00+00:00,MSFT,417.489990234375,418.760009765625,417.45001220703125,418.5700988769531,418.5700988769531,336397,0.0025991677867811536,417.8089599609375,418.7101226806641,1.085113525390625,1.30999755859375,Adj Close,2026-04-17 11:35:40
2026-04-16 18:35:00+00:00,MSFT,418.57000732421875,419.4200134277344,418.5201110839844,419.3299865722656,419.3299865722656,295551,0.001815437121168717,418.0329956054687,418.73937225341797,0.7598876953125,0.89990234375,Adj Close,2026-04-17 11:35:40
2026-04-16 18:40:00+00:00,MSFT,419.31500244140625,419.5799865722656,419.2300109863281,419.3500061035156,419.3500061035156,222704,4.774171151855633e-05,418.391015625,418.7648727416992,0.02001953125,0.3499755859375,Adj Close,2026-04-17 11:35:40
2026-04-16 18:45:00+00:00,MSFT,419.3399963378906,419.5899963378906,419.2950134277344,419.5098876953125,419.5098876953125,196489,0.0003812604971260569,418.8489929199219,418.8088668823242,0.159881591796875,0.29498291015625,Adj Close,2026-04-17 11:35:40
2026-04-16 18:50:00+00:00,MSFT,419.5,419.6899108886719,419.3500061035156,419.4599914550781,419.4599914550781,391750,-0.00011893936638418534,419.243994140625,418.8776168823242,-0.049896240234375,0.33990478515625,Adj Close,2026-04-17 11:35:40
2026-04-16 18:55:00+00:00,MSFT,419.4700012207031,419.4800109863281,418.94000244140625,419.1953125,419.1953125,218003,-0.0006309992859151459,419.36903686523436,418.92102813720703,-0.264678955078125,0.540008544921875,Adj Close,2026-04-17 11:35:40
2026-04-16 19:00:00+00:00,MSFT,419.2200012207031,419.42999267578125,419.1000061035156,419.1099853515625,419.1099853515625,245778,-0.00020354986301884814,419.3250366210938,418.91702728271486,-0.0853271484375,0.329986572265625,Adj Close,2026-04-17 11:35:40
2026-04-16 19:05:00+00:00,MSFT,419.1000061035156,419.1700134277344,418.05999755859375,418.1579895019531,418.1579895019531,248032,-0.002271470217563132,419.0866333007813,418.8706771850586,-0.951995849609375,1.110015869140625,Adj Close,2026-04-17 11:35:40
2026-04-16 19:10:00+00:00,MSFT,418.1600036621094,418.2099914550781,417.7300109863281,418.0299987792969,418.0299987792969,338269,-0.0003060822126313978,418.7906555175781,418.8272964477539,-0.12799072265625,0.47998046875,Adj Close,2026-04-17 11:35:40
2026-04-16 19:15:00+00:00,MSFT,418.0199890136719,418.6499938964844,417.75,418.5199890136719,418.5199890136719,411101,0.0011721413195364683,418.6026550292969,418.7865463256836,0.489990234375,0.899993896484375,Adj Close,2026-04-17 11:35:40
2026-04-16 19:20:00+00:00,MSFT,418.5259094238281,418.57000732421875,418.260009765625,418.49530029296875,418.49530029296875,220174,-5.899054131519588e-05,418.4626525878906,418.71366119384766,-0.024688720703125,0.30999755859375,Adj Close,2026-04-17 11:35:40
2026-04-16 19:25:00+00:00,MSFT,418.489990234375,418.8999938964844,418.29998779296875,418.3500061035156,418.3500061035156,334929,-0.00034718236824027304,418.31065673828124,418.638410949707,-0.145294189453125,0.600006103515625,Adj Close,2026-04-17 11:35:40
2026-04-16 19:30:00+00:00,MSFT,418.3399963378906,418.8699951171875,418.0740051269531,418.6700134277344,418.6700134277344,265485,0.0007649272607863633,418.4130615234375,418.5929122924805,0.32000732421875,0.795989990234375,Adj Close,2026-04-17 11:35:40
2026-04-16 19:35:00+00:00,MSFT,418.6700134277344,419.44000244140625,418.6199951171875,419.44000244140625,419.44000244140625,305876,0.0018391310315439835,418.6950622558594,418.5889129638672,0.769989013671875,0.82000732421875,Adj Close,2026-04-17 11:35:40
2026-04-16 19:40:00+00:00,MSFT,419.4388122558594,420.19000244140625,419.3699951171875,420.0325012207031,420.0325012207031,536344,0.0014125948308414404,418.9975646972656,418.64428863525393,0.592498779296875,0.82000732421875,Adj Close,2026-04-17 11:35:40
2026-04-16 19:45:00+00:00,MSFT,420.0350036621094,420.54998779296875,419.9599914550781,420.17999267578125,420.17999267578125,519452,0.0003511429583413772,419.3345031738281,418.74378814697263,0.147491455078125,0.589996337890625,Adj Close,2026-04-17 11:35:40
2026-04-16 19:50:00+00:00,MSFT,420.20001220703125,420.7300109863281,419.44000244140625,420.30999755859375,420.30999755859375,929250,0.000309402839446582,419.72650146484375,418.8487976074219,0.1300048828125,1.290008544921875,Adj Close,2026-04-17 11:35:40
2026-04-16 19:55:00+00:00,MSFT,420.32000732421875,420.82000732421875,420.0,420.0450134277344,420.0450134277344,1716059,-0.0006304492693454122,420.0015014648437,418.9730529785156,-0.264984130859375,0.82000732421875,Adj Close,2026-04-17 11:35:40
2026-04-16 13:30:00+00:00,SPY,700.8599853515625,701.0599975585938,700.52001953125,701.0499877929688,701.0499877929688,2153637,,,,,0.53997802734375,Adj Close,2026-04-17 11:35:41
2026-04-16 13:35:00+00:00,SPY,701.0399780273438,701.1400146484375,700.5499877929688,700.6199951171875,700.6199951171875,694056,-0.0006133552289686595,,,-0.42999267578125,0.59002685546875,Adj Close,2026-04-17 11:35:41
2026-04-16 13:40:00+00:00,SPY,700.6500244140625,700.969970703125,700.1099853515625,700.8201293945312,700.8201293945312,659288,0.0002856531054473699,,,0.20013427734375,0.8599853515625,Adj Close,2026-04-17 11:35:41
2026-04-16 13:45:00+00:00,SPY,700.8300170898438,700.9000244140625,700.3900146484375,700.6099853515625,700.6099853515625,656413,-0.00029985446215752276,,,-0.21014404296875,0.510009765625,Adj Close,2026-04-17 11:35:41
2026-04-16 13:50:00+00:00,SPY,700.6300048828125,700.6300048828125,698.719970703125,698.75,698.75,1056768,-0.0026548085103713648,700.37001953125,,-1.8599853515625,1.9100341796875,Adj Close,2026-04-17 11:35:41
2026-04-16 13:55:00+00:00,SPY,698.77001953125,699.5900268554688,698.530029296875,699.47998046875,699.47998046875,850121,0.001044694767441845,700.0560180664063,,0.72998046875,1.05999755859375,Adj Close,2026-04-17 11:35:41
2026-04-16 14:00:00+00:00,SPY,699.469970703125,699.5299072265625,698.719970703125,699.3499755859375,699.3499755859375,609872,-0.0001858593332798586,699.8020141601562,,-0.1300048828125,0.8099365234375,Adj Close,2026-04-17 11:35:41
2026-04-16 14:05:00+00:00,SPY,699.3499755859375,699.9199829101562,699.1699829101562,699.6400146484375,699.6400146484375,670484,0.00041472663562625023,699.5659912109375,,0.2900390625,0.75,Adj Close,2026-04-17 11:35:41
2026-04-16 14:10:00+00:00,SPY,699.6500244140625,700.1500244140625,699.5601196289062,699.64501953125,699.64501953125,745924,7.153511388358069e-06,699.372998046875,,0.0050048828125,0.58990478515625,Adj Close,2026-04-17 11:35:41
2026-04-16 14:15:00+00:00,SPY,699.6400146484375,699.844970703125,698.8599853515625,698.919921875,698.919921875,505479,-0.0010363793581147362,699.406982421875,,-0.72509765625,0.9849853515625,Adj Close,2026-04-17 11:35:41
2026-04-16 14:20:00+00:00,SPY,698.9199829101562,699.1699829101562,698.6519775390625,699.0150146484375,699.0150146484375,632798,0.00013605675051064914,699.3139892578125,,0.0950927734375,0.51800537109375,Adj Close,2026-04-17 11:35:41
2026-04-16 14:25:00+00:00,SPY,698.989990234375,699.3499755859375,698.8200073242188,699.1400146484375,699.1400146484375,693344,0.00017882305441307977,699.2719970703125,,0.125,0.52996826171875,Adj Close,2026-04-17 11:35:41
2026-04-16 14:30:00+00:00,SPY,699.14990234375,699.43798828125,698.9299926757812,699.3200073242188,699.3200073242188,499486,0.0002574486826816269,699.2079956054688,,0.17999267578125,0.50799560546875,Adj Close,2026-04-17 11:35:41
2026-04-16 14:35:00+00:00,SPY,699.3099975585938,699.4400024414062,699.0100708007812,699.0599975585938,699.0599975585938,331439,-0.00037180369916756106,699.0909912109375,,-0.260009765625,0.429931640625,Adj Close,2026-04-17 11:35:41
2026-04-16 14:40:00+00:00,SPY,699.0599975585938,699.52001953125,698.8699951171875,699.5,699.5,269306,0.0006294201398204802,699.2070068359375,,0.44000244140625,0.6500244140625,Adj Close,2026-04-17 11:35:41
2026-04-16 14:45:00+00:00,SPY,699.4849853515625,699.9500122070312,699.3699951171875,699.9500122070312,699.9500122070312,513812,0.0006433341058345032,699.3940063476563,,0.45001220703125,0.58001708984375,Adj Close,2026-04-17 11:35:41
2026-04-16 14:50:00+00:00,SPY,699.9500122070312,700.2100219726562,699.7899780273438,700.0700073242188,700.0700073242188,671436,0.00017143383826678793,699.5800048828125,,0.1199951171875,0.4200439453125,Adj Close,2026-04-17 11:35:41
2026-04-16 14:55:00+00:00,SPY,700.0700073242188,700.1201171875,699.5800170898438,699.9400024414062,699.9400024414062,313565,-0.0001857026889487967,699.70400390625,,-0.1300048828125,0.54010009765625,Adj Close,2026-04-17 11:35:41
2026-04-16 15:00:00+00:00,SPY,699.9299926757812,700.6300048828125,699.9299926757812,700.5399780273438,700.5399780273438,508651,0.0008571814496167729,700.0,,0.5999755859375,0.70001220703125,Adj Close,2026-04-17 11:35:41
2026-04-16 15:05:00+00:00,SPY,700.530029296875,701.1300048828125,700.3099975585938,700.97998046875,700.97998046875,374732,0.0006280904091231498,700.29599609375,699.8200012207031,0.44000244140625,0.82000732421875,Adj Close,2026-04-17 11:35:41
2026-04-16 15:10:00+00:00,SPY,700.97998046875,701.4600219726562,700.97998046875,701.4199829101562,701.4199829101562,559764,0.0006276961591855645,700.589990234375,699.8385009765625,0.44000244140625,0.48004150390625,Adj Close,2026-04-17 11:35:41
2026-04-16 15:15:00+00:00,SPY,701.4199829101562,702.030029296875,701.2999877929688,701.3499755859375,701.3499755859375,660515,-9.98079979533939e-05,700.8459838867187,699.875,-0.07000732421875,0.73004150390625,Adj Close,2026-04-17 11:35:41
2026-04-16 15:20:00+00:00,SPY,701.3699951171875,701.8099975585938,701.3599853515625,701.6199951171875,701.6199951171875,622828,0.0003849997015032969,701.181982421875,699.9149932861328,0.27001953125,0.45001220703125,Adj Close,2026-04-17 11:35:41
2026-04-16 15:25:00+00:00,SPY,701.6099853515625,701.77001953125,700.780029296875,700.780029296875,700.780029296875,870661,-0.0011971805623529619,701.2299926757812,699.9234954833985,-0.8399658203125,0.989990234375,Adj Close,2026-04-17 11:35:41
2026-04-16 15:30:00+00:00,SPY,700.77001953125,701.1799926757812,700.6599731445312,701.1099853515625,701.1099853515625,666402,0.00047084112116979604,701.2559936523437,700.0414947509765,0.3299560546875,0.52001953125,Adj Close,2026-04-17 11:35:41
2026-04-16 15:35:00+00:00,SPY,701.1199951171875,702.3599853515625,701.0800170898438,701.6799926757812,701.6799926757812,916651,0.0008130069976579613,701.3079956054687,700.1514953613281,0.57000732421875,1.27996826171875,Adj Close,2026-04-17 11:35:41
2026-04-16 15:40:00+00:00,SPY,701.6699829101562,701.7100219726562,701.010009765625,701.3831176757812,701.3831176757812,419056,-0.0004230917271388357,701.3146240234375,700.2531524658203,-0.296875,0.70001220703125,Adj Close,2026-04-17 11:35:41
2026-04-16 15:45:00+00:00,SPY,701.405029296875,701.5850219726562,701.0,701.239990234375,701.239990234375,293742,-0.00020406456585464472,701.238623046875,700.3331512451172,-0.14312744140625,0.58502197265625,Adj Close,2026-04-17 11:35:41
2026-04-16 15:50:00+00:00,SPY,701.2449951171875,701.8099975585938,701.2100219726562,701.7100219726562,701.7100219726562,295096,0.0006702865564243154,701.4246215820312,700.4364013671875,0.47003173828125,0.5999755859375,Adj Close,2026-04-17 11:35:41
2026-04-16 15:55:00+00:00,SPY,701.719970703125,702.2999877929688,701.7000122070312,702.219970703125,702.219970703125,456977,0.0007267228833858219,701.6466186523437,700.6014038085938,0.50994873046875,0.5999755859375,Adj Close,2026-04-17 11:35:41
2026-04-16 16:00:00+00:00,SPY,702.219970703125,702.5,702.2000732421875,702.4099731445312,702.4099731445312,358403,0.0002705739644743854,701.7926147460937,700.7711517333985,0.19000244140625,0.2999267578125,Adj Close,2026-04-17 11:35:41
2026-04-16 16:05:00+00:00,SPY,702.401123046875,702.489990234375,702.0700073242188,702.3198852539062,702.3198852539062,355214,-0.0001282554264167013,701.9799682617188,700.9301452636719,-0.090087890625,0.41998291015625,Adj Close,2026-04-17 11:35:41
2026-04-16 16:10:00+00:00,SPY,702.3200073242188,702.52001953125,702.260009765625,702.4550170898438,702.4550170898438,333268,0.00019240781697171805,702.2229736328125,701.0868957519531,0.1351318359375,0.260009765625,Adj Close,2026-04-17 11:35:41
2026-04-16 16:15:00+00:00,SPY,702.4600219726562,702.780029296875,702.4600219726562,702.6950073242188,702.6950073242188,627492,0.00034164498585154135,702.419970703125,701.2686462402344,0.239990234375,0.32000732421875,Adj Close,2026-04-17 11:35:41
2026-04-16 16:20:00+00:00,SPY,702.7000122070312,702.72998046875,701.9199829101562,702.1599731445312,702.1599731445312,479999,-0.0007614031323843751,702.4079711914062,701.401644897461,-0.5350341796875,0.80999755859375,Adj Close,2026-04-17 11:35:41
2026-04-16 16:25:00+00:00,SPY,702.1599731445312,702.2999267578125,701.9600219726562,702.010009765625,702.010009765625,232517,-0.00021357437712477,702.327978515625,701.5046447753906,-0.14996337890625,0.33990478515625,Adj Close,2026-04-17 11:35:41
2026-04-16 16:30:00+00:00,SPY,702.0150146484375,702.0698852539062,700.1749877929688,701.0499877929688,701.0499877929688,1024207,-0.0013675331680480518,702.0739990234375,701.5536437988281,-0.96002197265625,1.8948974609375,Adj Close,2026-04-17 11:35:41
2026-04-16 16:35:00+00:00,SPY,701.0399780273438,701.669921875,700.8599853515625,701.6300048828125,701.6300048828125,413823,0.0008273548248245444,701.9089965820312,701.6381439208984,0.58001708984375,0.8099365234375,Adj Close,2026-04-17 11:35:41
2026-04-16 16:40:00+00:00,SPY,701.6375122070312,701.8400268554688,701.0900268554688,701.385009765625,701.385009765625,499567,-0.0003491799317054678,701.6469970703125,701.6803955078125,-0.2449951171875,0.75,Adj Close,2026-04-17 11:35:41
2026-04-16 16:45:00+00:00,SPY,701.3699951171875,701.6500244140625,701.2899780273438,701.419921875,701.419921875,438852,4.977595598543161e-05,701.4989868164063,701.702392578125,0.034912109375,0.36004638671875,Adj Close,2026-04-17 11:35:41
2026-04-16 16:50:00+00:00,SPY,701.39501953125,701.6099243164062,700.8099975585938,700.9199829101562,700.9199829101562,240612,-0.000712752730928079,701.2809814453125,701.677392578125,-0.49993896484375,0.7999267578125,Adj Close,2026-04-17 11:35:41
2026-04-16 16:55:00+00:00,SPY,700.9299926757812,701.1779174804688,700.75,700.8099975585938,700.8099975585938,1122619,-0.00015691570256826104,701.2329833984375,701.6503936767579,-0.1099853515625,0.42791748046875,Adj Close,2026-04-17 11:35:41
2026-04-16 17:00:00+00:00,SPY,700.8300170898438,700.8900146484375,700.469970703125,700.5999755859375,700.5999755859375,911013,-0.0002996846126451791,701.0269775390625,701.5993927001953,-0.21002197265625,0.4200439453125,Adj Close,2026-04-17 11:35:41
2026-04-16 17:05:00+00:00,SPY,700.5999755859375,700.6900024414062,700.1300048828125,700.614990234375,700.614990234375,1035694,2.143112897612376e-05,700.8729736328125,701.5911407470703,0.0150146484375,0.55999755859375,Adj Close,2026-04-17 11:35:41
2026-04-16 17:10:00+00:00,SPY,700.6199951171875,700.7899780273438,700.0499877929688,700.0800170898438,700.0800170898438,391720,-0.0007635765034834652,700.6049926757812,701.5396423339844,-0.53497314453125,0.739990234375,Adj Close,2026-04-17 11:35:41
2026-04-16 17:15:00+00:00,SPY,700.0499877929688,700.273681640625,699.8300170898438,700.1500244140625,700.1500244140625,706505,9.999903226742823e-05,700.4510009765625,701.4631439208985,0.07000732421875,0.44366455078125,Adj Close,2026-04-17 11:35:41
2026-04-16 17:20:00+00:00,SPY,700.1699829101562,700.780029296875,700.010009765625,700.739990234375,700.739990234375,303748,0.0008426277222601808,700.4369995117188,701.4309875488282,0.5899658203125,0.77001953125,Adj Close,2026-04-17 11:35:41
2026-04-16 17:25:00+00:00,SPY,700.75,700.9400024414062,700.5700073242188,700.7000122070312,700.7000122070312,268505,-5.7051157206555736e-05,700.4570068359375,701.4039886474609,-0.03997802734375,0.3699951171875,Adj Close,2026-04-17 11:35:41
2026-04-16 17:30:00+00:00,SPY,700.719970703125,701.1400146484375,700.6400146484375,700.8099975585938,700.8099975585938,287603,0.00015696496310324548,700.4960083007812,701.3589874267578,0.1099853515625,0.5,Adj Close,2026-04-17 11:35:41
2026-04-16 17:35:00+00:00,SPY,700.7750244140625,701.0399780273438,700.5850219726562,700.989990234375,700.989990234375,251528,0.0002568351998519791,700.6780029296875,701.2974884033204,0.17999267578125,0.4549560546875,Adj Close,2026-04-17 11:35:41
2026-04-16 17:40:00+00:00,SPY,700.97998046875,701.4299926757812,700.9500122070312,701.3699951171875,701.3699951171875,408416,0.0005420974451937344,700.9219970703125,701.2454895019531,0.3800048828125,0.47998046875,Adj Close,2026-04-17 11:35:41
2026-04-16 17:45:00+00:00,SPY,701.3699951171875,701.530029296875,701.1699829101562,701.4749755859375,701.4749755859375,170607,0.00014967915576780122,701.068994140625,701.2032440185546,0.10498046875,0.36004638671875,Adj Close,2026-04-17 11:35:41
2026-04-16 17:50:00+00:00,SPY,701.4749755859375,701.47998046875,701.0999755859375,701.135009765625,701.135009765625,175672,-0.00048464425980199177,701.1559936523438,701.1372436523437,-0.3399658203125,0.3800048828125,Adj Close,2026-04-17 11:35:41
2026-04-16 17:55:00+00:00,SPY,701.1400146484375,701.1400146484375,700.1699829101562,700.5999755859375,700.5999755859375,539894,-0.0007630972241228218,701.1139892578125,701.0324920654297,-0.5350341796875,0.97003173828125,Adj Close,2026-04-17 11:35:41
2026-04-16 18:00:00+00:00,SPY,700.6099853515625,701.1799926757812,700.4099731445312,700.669921875,700.669921875,532097,9.983769840138379e-05,701.0499755859375,700.9579895019531,0.0699462890625,0.77001953125,Adj Close,2026-04-17 11:35:41
2026-04-16 18:05:00+00:00,SPY,700.6849975585938,700.8400268554688,699.9600219726562,700.1799926757812,700.1799926757812,331582,-0.0006992296713803636,700.8119750976563,700.866488647461,-0.48992919921875,0.8800048828125,Adj Close,2026-04-17 11:35:41
2026-04-16 18:10:00+00:00,SPY,700.2000122070312,700.6099853515625,699.9400024414062,700.5399780273438,700.5399780273438,340649,0.0005141325878033065,700.6249755859375,700.8409881591797,0.3599853515625,0.66998291015625,Adj Close,2026-04-17 11:35:41
2026-04-16 18:15:00+00:00,SPY,700.5399780273438,700.739990234375,700.3300170898438,700.3900146484375,700.3900146484375,223974,-0.00021406826677972113,700.4759765625,700.7789886474609,-0.14996337890625,0.40997314453125,Adj Close,2026-04-17 11:35:41
2026-04-16 18:20:00+00:00,SPY,700.3900146484375,700.6300048828125,699.8099975585938,699.8900146484375,699.8900146484375,300183,-0.0007138879617679672,700.333984375,700.7042388916016,-0.5,0.82000732421875,Adj Close,2026-04-17 11:35:41
2026-04-16 18:25:00+00:00,SPY,699.9199829101562,700.0499877929688,699.4736938476562,699.7899780273438,699.7899780273438,444535,-0.00014293191644398906,700.1579956054687,700.6227416992188,-0.10003662109375,0.5762939453125,Adj Close,2026-04-17 11:35:41
2026-04-16 18:30:00+00:00,SPY,699.7999877929688,700.5999755859375,699.7750244140625,700.47998046875,700.47998046875,483849,0.000986013608470504,700.2179931640625,700.6007415771485,0.69000244140625,0.824951171875,Adj Close,2026-04-17 11:35:41
2026-04-16 18:35:00+00:00,SPY,700.469970703125,700.7999877929688,700.3400268554688,700.625,700.625,361066,0.0002070288020978861,700.2349975585937,700.5914916992188,0.14501953125,0.4599609375,Adj Close,2026-04-17 11:35:41
2026-04-16 18:40:00+00:00,SPY,700.6300048828125,700.9199829101562,700.5800170898438,700.7899780273438,700.7899780273438,289747,0.00023547265276535612,700.314990234375,700.6009918212891,0.16497802734375,0.3399658203125,Adj Close,2026-04-17 11:35:41
2026-04-16 18:45:00+00:00,SPY,700.7860107421875,701.030029296875,700.6900024414062,700.760009765625,700.760009765625,240979,-4.2763542085877404e-05,700.4889892578125,700.6082427978515,-0.02996826171875,0.34002685546875,Adj Close,2026-04-17 11:35:41
2026-04-16 18:50:00+00:00,SPY,700.77001953125,700.7899780273438,700.510009765625,700.614990234375,700.614990234375,329319,-0.00020694607173499246,700.6539916992188,700.6349914550781,-0.14501953125,0.27996826171875,Adj Close,2026-04-17 11:35:41
2026-04-16 18:55:00+00:00,SPY,700.614990234375,700.7098999023438,700.3800048828125,700.7050170898438,700.7050170898438,316734,0.00012849690161309546,700.6989990234375,700.6627410888672,0.09002685546875,0.32989501953125,Adj Close,2026-04-17 11:35:41
2026-04-16 19:00:00+00:00,SPY,700.7100219726562,701.14501953125,700.7000122070312,700.9799194335938,700.9799194335938,551621,0.0003923224995472374,700.7699829101563,700.6747375488281,0.27490234375,0.44500732421875,Adj Close,2026-04-17 11:35:41
2026-04-16 19:05:00+00:00,SPY,700.9749755859375,701.0599975585938,700.7249755859375,700.8499755859375,700.8499755859375,284538,-0.00018537456502498717,700.781982421875,700.6822357177734,-0.12994384765625,0.33502197265625,Adj Close,2026-04-17 11:35:41
2026-04-16 19:10:00+00:00,SPY,700.844970703125,700.9758911132812,700.5999755859375,700.8098754882812,700.8098754882812,306372,-5.721637875888419e-05,700.7919555664063,700.6822296142578,-0.04010009765625,0.37591552734375,Adj Close,2026-04-17 11:35:41
2026-04-16 19:15:00+00:00,SPY,700.8200073242188,701.1950073242188,700.8099975585938,701.0800170898438,701.0800170898438,340999,0.0003854705976771289,700.8849609375,700.6867309570313,0.2701416015625,0.385009765625,Adj Close,2026-04-17 11:35:41
2026-04-16 19:20:00+00:00,SPY,701.0800170898438,701.1599731445312,700.8599853515625,701.0402221679688,701.0402221679688,280395,-5.6762310870261956e-05,700.952001953125,700.6702423095703,-0.039794921875,0.29998779296875,Adj Close,2026-04-17 11:35:41
2026-04-16 19:25:00+00:00,SPY,701.0430297851562,701.1500244140625,700.8900146484375,700.9100952148438,700.9100952148438,452488,-0.00018561981040488007,700.938037109375,700.6419982910156,-0.130126953125,0.260009765625,Adj Close,2026-04-17 11:35:41
2026-04-16 19:30:00+00:00,SPY,700.9099731445312,701.25,700.8300170898438,701.1199951171875,701.1199951171875,323306,0.00029946765466326575,700.992041015625,700.6412475585937,0.20989990234375,0.41998291015625,Adj Close,2026-04-17 11:35:41
2026-04-16 19:35:00+00:00,SPY,701.1300048828125,701.4099731445312,701.0599975585938,701.4000244140625,701.4000244140625,374219,0.0003994028109670644,701.1100708007813,700.68125,0.280029296875,0.3499755859375,Adj Close,2026-04-17 11:35:41
2026-04-16 19:40:00+00:00,SPY,701.415283203125,701.5999755859375,701.2999877929688,701.3099975585938,701.3099975585938,424102,-0.0001283530828843915,701.1560668945312,700.7132537841796,-0.09002685546875,0.29998779296875,Adj Close,2026-04-17 11:35:41
2026-04-16 19:45:00+00:00,SPY,701.3200073242188,701.6599731445312,701.1400146484375,701.6400146484375,701.6400146484375,819157,0.00047057234460168296,701.276025390625,700.7862548828125,0.33001708984375,0.51995849609375,Adj Close,2026-04-17 11:35:41
2026-04-16 19:50:00+00:00,SPY,701.6300048828125,701.9400024414062,701.3400268554688,701.6500244140625,701.6500244140625,1457884,1.4266241115112877e-05,701.4240112304688,700.8417572021484,0.010009765625,0.5999755859375,Adj Close,2026-04-17 11:35:41
2026-04-16 19:55:00+00:00,SPY,701.6699829101562,701.9299926757812,701.4400024414062,701.5499877929688,701.5499877929688,2873901,-0.00014257338788992158,701.510009765625,700.899755859375,-0.10003662109375,0.489990234375,Adj Close,2026-04-17 11:35:41
